-- ATTENDANCE 
INSERT INTO Attendance VALUES ('A0001', 'M0001', 'ST001', TO_TIMESTAMP('2024-11-25 08:00:00', 'YYYY-MM-DD HH24:MI:SS'), TO_TIMESTAMP('2024-11-25 10:00:00', 'YYYY-MM-DD HH24:MI:SS'));
INSERT INTO Attendance VALUES ('A0002', 'M0002', 'ST002', TO_TIMESTAMP('2024-11-25 08:15:00', 'YYYY-MM-DD HH24:MI:SS'), TO_TIMESTAMP('2024-11-25 09:45:00', 'YYYY-MM-DD HH24:MI:SS'));
INSERT INTO Attendance VALUES ('A0003', 'M0003', 'ST003', TO_TIMESTAMP('2024-11-25 09:00:00', 'YYYY-MM-DD HH24:MI:SS'), NULL);
INSERT INTO Attendance VALUES ('A0004', 'M0004', 'ST001', TO_TIMESTAMP('2024-11-25 10:30:00', 'YYYY-MM-DD HH24:MI:SS'), TO_TIMESTAMP('2024-11-25 11:45:00', 'YYYY-MM-DD HH24:MI:SS'));
INSERT INTO Attendance VALUES ('A0005', 'M0005', 'ST004', TO_TIMESTAMP('2024-11-25 11:00:00', 'YYYY-MM-DD HH24:MI:SS'), TO_TIMESTAMP('2024-11-25 12:30:00', 'YYYY-MM-DD HH24:MI:SS'));
INSERT INTO Attendance VALUES ('A0006', 'M0006', 'ST002', TO_TIMESTAMP('2024-11-25 13:15:00', 'YYYY-MM-DD HH24:MI:SS'), NULL);
INSERT INTO Attendance VALUES ('A0007', 'M0007', 'ST003', TO_TIMESTAMP('2024-11-25 14:00:00', 'YYYY-MM-DD HH24:MI:SS'), TO_TIMESTAMP('2024-11-25 15:15:00', 'YYYY-MM-DD HH24:MI:SS'));
INSERT INTO Attendance VALUES ('A0008', 'M0008', 'ST004', TO_TIMESTAMP('2024-11-25 15:30:00', 'YYYY-MM-DD HH24:MI:SS'), TO_TIMESTAMP('2024-11-25 16:45:00', 'YYYY-MM-DD HH24:MI:SS'));
INSERT INTO Attendance VALUES ('A0009', 'M0009', 'ST001', TO_TIMESTAMP('2024-11-25 16:00:00', 'YYYY-MM-DD HH24:MI:SS'), NULL);
INSERT INTO Attendance VALUES ('A0010', 'M0010', 'ST002', TO_TIMESTAMP('2024-11-25 17:15:00', 'YYYY-MM-DD HH24:MI:SS'), TO_TIMESTAMP('2024-11-25 18:30:00', 'YYYY-MM-DD HH24:MI:SS'));
INSERT INTO Attendance VALUES ('A0011', 'M0011', 'ST001', TO_TIMESTAMP('2024-11-26 08:00:00', 'YYYY-MM-DD HH24:MI:SS'), TO_TIMESTAMP('2024-11-26 10:15:00', 'YYYY-MM-DD HH24:MI:SS'));
INSERT INTO Attendance VALUES ('A0012', 'M0012', 'ST003', TO_TIMESTAMP('2024-11-26 09:30:00', 'YYYY-MM-DD HH24:MI:SS'), NULL);
INSERT INTO Attendance VALUES ('A0013', 'M0013', 'ST004', TO_TIMESTAMP('2024-11-26 10:45:00', 'YYYY-MM-DD HH24:MI:SS'), TO_TIMESTAMP('2024-11-26 12:00:00', 'YYYY-MM-DD HH24:MI:SS'));
INSERT INTO Attendance VALUES ('A0014', 'M0014', 'ST002', TO_TIMESTAMP('2024-11-26 11:15:00', 'YYYY-MM-DD HH24:MI:SS'), TO_TIMESTAMP('2024-11-26 12:45:00', 'YYYY-MM-DD HH24:MI:SS'));
INSERT INTO Attendance VALUES ('A0015', 'M0015', 'ST003', TO_TIMESTAMP('2024-11-26 13:30:00', 'YYYY-MM-DD HH24:MI:SS'), TO_TIMESTAMP('2024-11-26 14:30:00', 'YYYY-MM-DD HH24:MI:SS'));
INSERT INTO Attendance VALUES ('A0016', 'M0016', 'ST001', TO_TIMESTAMP('2024-11-26 14:00:00', 'YYYY-MM-DD HH24:MI:SS'), TO_TIMESTAMP('2024-11-26 15:45:00', 'YYYY-MM-DD HH24:MI:SS'));
INSERT INTO Attendance VALUES ('A0017', 'M0017', 'ST004', TO_TIMESTAMP('2024-11-26 15:15:00', 'YYYY-MM-DD HH24:MI:SS'), NULL);
INSERT INTO Attendance VALUES ('A0018', 'M0018', 'ST002', TO_TIMESTAMP('2024-11-26 16:00:00', 'YYYY-MM-DD HH24:MI:SS'), TO_TIMESTAMP('2024-11-26 17:00:00', 'YYYY-MM-DD HH24:MI:SS'));
INSERT INTO Attendance VALUES ('A0019', 'M0019', 'ST003', TO_TIMESTAMP('2024-11-26 17:30:00', 'YYYY-MM-DD HH24:MI:SS'), TO_TIMESTAMP('2024-11-26 18:45:00', 'YYYY-MM-DD HH24:MI:SS'));
INSERT INTO Attendance VALUES ('A0020', 'M0020', 'ST001', TO_TIMESTAMP('2024-11-26 18:00:00', 'YYYY-MM-DD HH24:MI:SS'), NULL);

-- BOOKING SYSTEM
INSERT INTO Booking_system VALUES('B0001', 'C0001', 'M0001', 'S001', TO_DATE('2024-11-25', 'YYYY-MM-DD'), 'Confirmed');
INSERT INTO Booking_system VALUES('B0002', 'C0002', 'M0002', 'S002', TO_DATE('2024-11-25', 'YYYY-MM-DD'), 'Cancelled');
INSERT INTO Booking_system VALUES('B0003', 'C0003', 'M0003', 'S003', TO_DATE('2024-11-25', 'YYYY-MM-DD'), 'Confirmed');
INSERT INTO Booking_system VALUES('B0004', 'C0001', 'M0004', NULL, TO_DATE('2024-11-26', 'YYYY-MM-DD'), 'Waitlisted');
INSERT INTO Booking_system VALUES('B0005', 'C0002', 'M0005', 'S001', TO_DATE('2024-11-26', 'YYYY-MM-DD'), 'Confirmed');
INSERT INTO Booking_system VALUES('B0006', 'C0003', 'M0006', 'S002', TO_DATE('2024-11-26', 'YYYY-MM-DD'), 'Cancelled');
INSERT INTO Booking_system VALUES('B0007', 'C0001', 'M0007', NULL, TO_DATE('2024-11-27', 'YYYY-MM-DD'), 'Confirmed');
INSERT INTO Booking_system VALUES('B0008', 'C0002', 'M0008', 'S003', TO_DATE('2024-11-27', 'YYYY-MM-DD'), 'Confirmed');
INSERT INTO Booking_system VALUES('B0009', 'C0003', 'M0009', NULL, TO_DATE('2024-11-27', 'YYYY-MM-DD'), 'Waitlisted');
INSERT INTO Booking_system VALUES('B0010', 'C0001', 'M0010', 'S001', TO_DATE('2024-11-28', 'YYYY-MM-DD'), 'Confirmed');
INSERT INTO Booking_system VALUES('B0011', 'C0002', 'M0011', 'S002', TO_DATE('2024-11-28', 'YYYY-MM-DD'), 'Cancelled');
INSERT INTO Booking_system VALUES('B0012', 'C0003', 'M0012', NULL, TO_DATE('2024-11-28', 'YYYY-MM-DD'), 'Confirmed');
INSERT INTO Booking_system VALUES('B0013', 'C0001', 'M0013', 'S003', TO_DATE('2024-11-29', 'YYYY-MM-DD'), 'Waitlisted');
INSERT INTO Booking_system VALUES('B0014', 'C0002', 'M0014', NULL, TO_DATE('2024-11-29', 'YYYY-MM-DD'), 'Confirmed');
INSERT INTO Booking_system VALUES('B0015', 'C0003', 'M0015', 'S001', TO_DATE('2024-11-29', 'YYYY-MM-DD'), 'Cancelled');
INSERT INTO Booking_system VALUES('B0016', 'C0001', 'M0016', 'S002', TO_DATE('2024-11-30', 'YYYY-MM-DD'), 'Confirmed');
INSERT INTO Booking_system VALUES('B0017', 'C0002', 'M0017', NULL, TO_DATE('2024-11-30', 'YYYY-MM-DD'), 'Waitlisted');
INSERT INTO Booking_system VALUES('B0018', 'C0003', 'M0018', 'S003', TO_DATE('2024-11-30', 'YYYY-MM-DD'), 'Confirmed');
INSERT INTO Booking_system VALUES('B0019', 'C0001', 'M0019', 'S001', TO_DATE('2024-12-01', 'YYYY-MM-DD'), 'Confirmed');
INSERT INTO Booking_system VALUES('B0020', 'C0002', 'M0020', NULL, TO_DATE('2024-12-01', 'YYYY-MM-DD'), 'Cancelled');

--FITNESS CLASS
INSERT INTO Fitness_class VALUES('C0001', 'Yoga Basics', 'Yoga', TO_TIMESTAMP('2024-11-25 08:00:00', 'YYYY-MM-DD HH24:MI:SS'), 20, 'ST001');
INSERT INTO Fitness_class VALUES('C0002', 'Cardio Blast', 'Cardio', TO_TIMESTAMP('2024-11-25 09:30:00', 'YYYY-MM-DD HH24:MI:SS'), 25, 'ST002');
INSERT INTO Fitness_class VALUES('C0003', 'Strength Training', 'Strength', TO_TIMESTAMP('2024-11-25 11:00:00', 'YYYY-MM-DD HH24:MI:SS'), 15, 'ST003');
INSERT INTO Fitness_class VALUES('C0004', 'Pilates Power', 'Pilates', TO_TIMESTAMP('2024-11-25 13:00:00', 'YYYY-MM-DD HH24:MI:SS'), 18, 'ST004');
INSERT INTO Fitness_class VALUES('C0005', 'Zumba Party', 'Dance', TO_TIMESTAMP('2024-11-25 14:30:00', 'YYYY-MM-DD HH24:MI:SS'), 30, 'ST001');
INSERT INTO Fitness_class VALUES('C0006', 'HIIT Challenge', 'Cardio', TO_TIMESTAMP('2024-11-25 16:00:00', 'YYYY-MM-DD HH24:MI:SS'), 20, 'ST002');
INSERT INTO Fitness_class VALUES('C0007', 'Spin Class', 'Cycling', TO_TIMESTAMP('2024-11-25 17:30:00', 'YYYY-MM-DD HH24:MI:SS'), 18, 'ST003');
INSERT INTO Fitness_class VALUES('C0008', 'Yoga Flow', 'Yoga', TO_TIMESTAMP('2024-11-25 19:00:00', 'YYYY-MM-DD HH24:MI:SS'), 20, 'ST004');
INSERT INTO Fitness_class VALUES('C0009', 'Bootcamp', 'Strength', TO_TIMESTAMP('2024-11-26 06:30:00', 'YYYY-MM-DD HH24:MI:SS'), 25, 'ST001');
INSERT INTO Fitness_class VALUES('C0010', 'Kickboxing', 'Martial Arts', TO_TIMESTAMP('2024-11-26 08:00:00', 'YYYY-MM-DD HH24:MI:SS'), 15, 'ST002');
INSERT INTO Fitness_class VALUES('C0011', 'Barre Class', 'Strength', TO_TIMESTAMP('2024-11-26 09:30:00', 'YYYY-MM-DD HH24:MI:SS'), 18, 'ST003');
INSERT INTO Fitness_class VALUES('C0012', 'Step Aerobics', 'Cardio', TO_TIMESTAMP('2024-11-26 11:00:00', 'YYYY-MM-DD HH24:MI:SS'), 20, 'ST004');
INSERT INTO Fitness_class VALUES('C0013', 'Dance Fusion', 'Dance', TO_TIMESTAMP('2024-11-26 12:30:00', 'YYYY-MM-DD HH24:MI:SS'), 25, 'ST001');
INSERT INTO Fitness_class VALUES('C0014', 'TRX Suspension', 'Strength', TO_TIMESTAMP('2024-11-26 14:00:00', 'YYYY-MM-DD HH24:MI:SS'), 15, 'ST002');
INSERT INTO Fitness_class VALUES('C0015', 'Aqua Fitness', 'Cardio', TO_TIMESTAMP('2024-11-26 15:30:00', 'YYYY-MM-DD HH24:MI:SS'), 25, 'ST003');
INSERT INTO Fitness_class VALUES('C0016', 'Yoga for Athletes', 'Yoga', TO_TIMESTAMP('2024-11-26 17:00:00', 'YYYY-MM-DD HH24:MI:SS'), 20, 'ST004');
INSERT INTO Fitness_class VALUES('C0017', 'Body Combat', 'Martial Arts', TO_TIMESTAMP('2024-11-26 18:30:00', 'YYYY-MM-DD HH24:MI:SS'), 25, 'ST001');
INSERT INTO Fitness_class VALUES('C0018', 'Stretch & Recovery', 'Yoga', TO_TIMESTAMP('2024-11-26 20:00:00', 'YYYY-MM-DD HH24:MI:SS'), 15, 'ST002');
INSERT INTO Fitness_class VALUES('C0019', 'Pilates Reformer', 'Pilates', TO_TIMESTAMP('2024-11-27 06:00:00', 'YYYY-MM-DD HH24:MI:SS'), 12, 'ST003');
INSERT INTO Fitness_class VALUES('C0020', 'Strength & Conditioning', 'Strength', TO_TIMESTAMP('2024-11-27 07:30:00', 'YYYY-MM-DD HH24:MI:SS'), 20, 'ST004');

--MEMBER
INSERT INTO MEMBER VALUES ('M0001', 'MS001', 'John', 'Doe', TO_DATE('1990-05-12', 'YYYY-MM-DD'), 'Male', '123 Main St', '555-0101', 'john.doe@example.com', '555-9999');
INSERT INTO MEMBER VALUES('M0002', 'MS002', 'Jane', 'Smith', TO_DATE('1985-11-23', 'YYYY-MM-DD'), 'Female', '456 Oak Ave', '555-0102', 'jane.smith@example.com', '555-8888');
INSERT INTO MEMBER VALUES('M0003', 'MS003', 'David', 'Johnson', TO_DATE('1992-03-07', 'YYYY-MM-DD'), 'Male', '789 Pine Rd', '555-0103', 'david.johnson@example.com', '555-7777');
INSERT INTO MEMBER VALUES('M0004', 'MS004', 'Emily', 'Davis', TO_DATE('1993-07-19', 'YYYY-MM-DD'), 'Female', '101 Maple Dr', '555-0104', 'emily.davis@example.com', '555-6666');
INSERT INTO MEMBER VALUES('M0005', 'MS005', 'Michael', 'Brown', TO_DATE('1988-09-15', 'YYYY-MM-DD'), 'Male', '202 Birch Ln', '555-0105', 'michael.brown@example.com', '555-5555');
INSERT INTO MEMBER VALUES('M0006', 'MS006', 'Laura', 'Wilson', TO_DATE('1980-02-25', 'YYYY-MM-DD'), 'Female', '303 Cedar St', '555-0106', 'laura.wilson@example.com', '555-4444');
INSERT INTO MEMBER VALUES('M0007', 'MS007', 'James', 'Moore', TO_DATE('1995-12-30', 'YYYY-MM-DD'), 'Male', '404 Elm St', '555-0107', 'james.moore@example.com', '555-3333');
INSERT INTO MEMBER VALUES('M0008', 'MS008', 'Olivia', 'Taylor', TO_DATE('2000-08-18', 'YYYY-MM-DD'), 'Female', '505 Ash Blvd', '555-0108', 'olivia.taylor@example.com', '555-2222');
INSERT INTO MEMBER VALUES('M0009', 'MS009', 'William', 'Anderson', TO_DATE('1991-06-05', 'YYYY-MM-DD'), 'Male', '606 Pineview Ln', '555-0109', 'william.anderson@example.com', '555-1111');
INSERT INTO MEMBER VALUES('M0010', 'MS010', 'Sophia', 'Thomas', TO_DATE('1987-01-22', 'YYYY-MM-DD'), 'Female', '707 Willow Way', '555-0110', 'sophia.thomas@example.com', '555-0000');
INSERT INTO MEMBER VALUES('M0011', 'MS011', 'Lucas', 'Jackson', TO_DATE('1994-04-12', 'YYYY-MM-DD'), 'Male', '808 Spruce Ave', '555-0111', 'lucas.jackson@example.com', '555-1234');
INSERT INTO MEMBER VALUES('M0012', 'MS012', 'Charlotte', 'White', TO_DATE('1999-02-20', 'YYYY-MM-DD'), 'Female', '909 Redwood Rd', '555-0112', 'charlotte.white@example.com', '555-2345');
INSERT INTO MEMBER VALUES('M0013', 'MS013', 'Henry', 'Harris', TO_DATE('1982-10-11', 'YYYY-MM-DD'), 'Male', '1010 Birch Ln', '555-0113', 'henry.harris@example.com', '555-3456');
INSERT INTO MEMBER VALUES('M0014', 'MS014', 'Amelia', 'Clark', TO_DATE('1996-11-01', 'YYYY-MM-DD'), 'Female', '1111 Cedar Ave', '555-0114', 'amelia.clark@example.com', '555-4567');
INSERT INTO MEMBER VALUES('M0015', 'MS005', 'Benjamin', 'Lewis', TO_DATE('1990-01-30', 'YYYY-MM-DD'), 'Male', '1212 Oak St', '555-0115', 'benjamin.lewis@example.com', '555-5678');
INSERT INTO MEMBER VALUES('M0016', 'MS016', 'Chloe', 'Roberts', TO_DATE('1993-12-13', 'YYYY-MM-DD'), 'Female', '1313 Pine Ave', '555-0116', 'chloe.roberts@example.com', '555-6789');
INSERT INTO MEMBER VALUES('M0017', 'MS017', 'Daniel', 'Walker', TO_DATE('1986-05-22', 'YYYY-MM-DD'), 'Male', '1414 Maple St', '555-0117', 'daniel.walker@example.com', '555-7890');
INSERT INTO MEMBER VALUES('M0018', 'MS018', 'Isabella', 'Young', TO_DATE('1997-09-18', 'YYYY-MM-DD'), 'Female', '1515 Elm St', '555-0118', 'isabella.young@example.com', '555-8901');
INSERT INTO MEMBER VALUES('M0019', 'MS019', 'Ethan', 'Allen', TO_DATE('1992-12-08', 'YYYY-MM-DD'), 'Male', '1616 Cedar Ln', '555-0119', 'ethan.allen@example.com', '555-9012');
INSERT INTO MEMBER VALUES('M0020', 'MS020', 'Mia', 'King', TO_DATE('1989-07-03', 'YYYY-MM-DD'), 'Female', '1717 Ash Rd', '555-0120', 'mia.king@example.com', '555-0123');

--MEMBERSHIP
INSERT INTO Membership VALUES('MS001', TO_DATE('2024-01-01', 'YYYY-MM-DD'), TO_DATE('2024-12-31', 'YYYY-MM-DD'), 'Yearly', 'Active', 'Silver');
INSERT INTO Membership VALUES('MS002', TO_DATE('2024-02-01', 'YYYY-MM-DD'), TO_DATE('2024-07-31', 'YYYY-MM-DD'), 'Monthly', 'Active', 'Platinum');
INSERT INTO Membership VALUES('MS003', TO_DATE('2024-03-01', 'YYYY-MM-DD'), TO_DATE('2024-08-31', 'YYYY-MM-DD'), 'Monthly', 'Inactive', 'Silver');
INSERT INTO Membership VALUES('MS004', TO_DATE('2024-04-01', 'YYYY-MM-DD'), TO_DATE('2025-03-31', 'YYYY-MM-DD'), 'Yearly', 'Active', 'Gold');
INSERT INTO Membership VALUES('MS005', TO_DATE('2024-05-01', 'YYYY-MM-DD'), TO_DATE('2024-11-01', 'YYYY-MM-DD'), 'Monthly', 'Inactive', 'Platinum');
INSERT INTO Membership VALUES('MS006', TO_DATE('2024-06-01', 'YYYY-MM-DD'), TO_DATE('2024-12-31', 'YYYY-MM-DD'), 'Yearly', 'Active', 'Silver');
INSERT INTO Membership VALUES('MS007', TO_DATE('2024-07-01', 'YYYY-MM-DD'), TO_DATE('2025-06-30', 'YYYY-MM-DD'), 'Yearly', 'Active', 'Platinum');
INSERT INTO Membership VALUES('MS008', TO_DATE('2024-08-01', 'YYYY-MM-DD'), TO_DATE('2024-12-31', 'YYYY-MM-DD'), 'Monthly', 'Inactive', 'Silver');
INSERT INTO Membership VALUES('MS009', TO_DATE('2024-09-01', 'YYYY-MM-DD'), TO_DATE('2025-08-31', 'YYYY-MM-DD'), 'Yearly', 'Active', 'Gold');
INSERT INTO Membership VALUES('MS010', TO_DATE('2024-10-01', 'YYYY-MM-DD'), TO_DATE('2025-09-30', 'YYYY-MM-DD'), 'Yearly', 'Active', 'Platinum');
INSERT INTO Membership VALUES('MS011', TO_DATE('2024-11-01', 'YYYY-MM-DD'), TO_DATE('2025-04-30', 'YYYY-MM-DD'), 'Monthly', 'Active', 'Silver');
INSERT INTO Membership VALUES('MS012', TO_DATE('2024-12-01', 'YYYY-MM-DD'), TO_DATE('2025-11-30', 'YYYY-MM-DD'), 'Yearly', 'Inactive', 'Gold');
INSERT INTO Membership VALUES('MS013', TO_DATE('2024-01-15', 'YYYY-MM-DD'), TO_DATE('2025-01-14', 'YYYY-MM-DD'), 'Yearly', 'Active', 'Platinum');
INSERT INTO Membership VALUES('MS014', TO_DATE('2024-02-15', 'YYYY-MM-DD'), TO_DATE('2024-08-14', 'YYYY-MM-DD'), 'Monthly', 'Pending', 'Silver');
INSERT INTO Membership VALUES('MS015', TO_DATE('2024-03-15', 'YYYY-MM-DD'), TO_DATE('2025-03-14', 'YYYY-MM-DD'), 'Yearly', 'Inactive', 'Platinum');
INSERT INTO Membership VALUES('MS016', TO_DATE('2024-04-15', 'YYYY-MM-DD'), TO_DATE('2025-04-14', 'YYYY-MM-DD'), 'Yearly', 'Active', 'Gold');
INSERT INTO Membership VALUES('MS017', TO_DATE('2024-05-15', 'YYYY-MM-DD'), TO_DATE('2024-11-14', 'YYYY-MM-DD'), 'Monthly', 'Active', 'Silver');
INSERT INTO Membership VALUES('MS018', TO_DATE('2024-06-15', 'YYYY-MM-DD'), TO_DATE('2024-12-14', 'YYYY-MM-DD'), 'Monthly', 'Inactive', 'Platinum');
INSERT INTO Membership VALUES('MS019', TO_DATE('2024-07-15', 'YYYY-MM-DD'), TO_DATE('2025-07-14', 'YYYY-MM-DD'), 'Yearly', 'Active', 'Silver');
INSERT INTO Membership VALUES('MS020', TO_DATE('2024-08-15', 'YYYY-MM-DD'), TO_DATE('2025-08-14', 'YYYY-MM-DD'), 'Yearly', 'Pending', 'Platinum');

--BILLING
INSERT INTO Billing VALUES('BI001', 'M0001', 100.00, TO_DATE('2024-01-01', 'YYYY-MM-DD'), 'Credit Card', 'Paid');
INSERT INTO Billing VALUES('BI002', 'M0002', 120.50, TO_DATE('2024-02-01', 'YYYY-MM-DD'), 'Debit Card', 'Unpaid');
INSERT INTO Billing VALUES('BI003', 'M0003', 80.00, TO_DATE('2024-03-01', 'YYYY-MM-DD'), 'Cash', 'Paid');
INSERT INTO Billing VALUES('BI004', 'M0004', 150.00, TO_DATE('2024-04-01', 'YYYY-MM-DD'), 'Direct Debit', 'Unpaid');
INSERT INTO Billing VALUES('BI005', 'M0005', 200.00, TO_DATE('2024-05-01', 'YYYY-MM-DD'), 'Credit Card', 'Paid');
INSERT INTO Billing VALUES('BI006', 'M0006', 50.00, TO_DATE('2024-06-01', 'YYYY-MM-DD'), 'Cash', 'Unpaid');
INSERT INTO Billing VALUES('BI007', 'M0007', 75.00, TO_DATE('2024-07-01', 'YYYY-MM-DD'), 'Debit Card', 'Paid');
INSERT INTO Billing VALUES('BI008', 'M0008', 100.00, TO_DATE('2024-08-01', 'YYYY-MM-DD'), 'Credit Card', 'Unpaid');
INSERT INTO Billing VALUES('BI009', 'M0009', 120.00, TO_DATE('2024-09-01', 'YYYY-MM-DD'), 'Direct Debit', 'Paid');
INSERT INTO Billing VALUES('BI010', 'M0010', 90.00, TO_DATE('2024-10-01', 'YYYY-MM-DD'), 'Cash', 'Paid');
INSERT INTO Billing VALUES('BI011', 'M0011', 150.00, TO_DATE('2024-11-01', 'YYYY-MM-DD'), 'Debit Card', 'Paid');
INSERT INTO Billing VALUES('BI012', 'M0012', 250.00, TO_DATE('2024-12-01', 'YYYY-MM-DD'), 'Credit Card', 'Unpaid');
INSERT INTO Billing VALUES('BI013', 'M0013', 110.00, TO_DATE('2024-01-15', 'YYYY-MM-DD'), 'Direct Debit', 'Paid');
INSERT INTO Billing VALUES('BI014', 'M0014', 95.00, TO_DATE('2024-02-15', 'YYYY-MM-DD'), 'Debit Card', 'Unpaid');
INSERT INTO Billing VALUES('BI015', 'M0015', 180.00, TO_DATE('2024-03-15', 'YYYY-MM-DD'), 'Credit Card', 'Paid');
INSERT INTO Billing VALUES('BI016', 'M0016', 130.00, TO_DATE('2024-04-15', 'YYYY-MM-DD'), 'Cash', 'Unpaid');
INSERT INTO Billing VALUES('BI017', 'M0017', 70.00, TO_DATE('2024-05-15', 'YYYY-MM-DD'), 'Debit Card', 'Paid');
INSERT INTO Billing VALUES('BI018', 'M0018', 160.00, TO_DATE('2024-06-15', 'YYYY-MM-DD'), 'Credit Card', 'Paid');
INSERT INTO Billing VALUES('BI019', 'M0019', 90.00, TO_DATE('2024-07-15', 'YYYY-MM-DD'), 'Direct Debit', 'Paid');
INSERT INTO Billing VALUES('BI020', 'M0020', 140.00, TO_DATE('2024-08-15', 'YYYY-MM-DD'), 'Cash', 'Unpaid');

--Personal Training Session
INSERT INTO Personal_Training_session VALUES('S001', TO_DATE('2024-01-10', 'YYYY-MM-DD'), TO_TIMESTAMP('2024-01-10 09:00:00', 'YYYY-MM-DD HH24:MI:SS'), INTERVAL '1' HOUR, 'ST001', 'M0001', 'Completed');
INSERT INTO Personal_Training_session VALUES('S002', TO_DATE('2024-02-14', 'YYYY-MM-DD'), TO_TIMESTAMP('2024-02-14 10:00:00', 'YYYY-MM-DD HH24:MI:SS'), INTERVAL '1' HOUR, 'ST002', 'M0002', 'Scheduled');
INSERT INTO Personal_Training_session VALUES('S003', TO_DATE('2024-03-05', 'YYYY-MM-DD'), TO_TIMESTAMP('2024-03-05 11:30:00', 'YYYY-MM-DD HH24:MI:SS'), INTERVAL '45' MINUTE, 'ST003', 'M0003', 'Cancelled');
INSERT INTO Personal_Training_session VALUES('S004', TO_DATE('2024-04-12', 'YYYY-MM-DD'), TO_TIMESTAMP('2024-04-12 13:00:00', 'YYYY-MM-DD HH24:MI:SS'), INTERVAL '1' HOUR, 'ST004', 'M0004', 'Completed');
INSERT INTO Personal_Training_session VALUES('S005', TO_DATE('2024-05-22', 'YYYY-MM-DD'), TO_TIMESTAMP('2024-05-22 14:30:00', 'YYYY-MM-DD HH24:MI:SS'), INTERVAL '1' HOUR, 'ST005', 'M0005', 'Completed');
INSERT INTO Personal_Training_session VALUES('S006', TO_DATE('2024-06-01', 'YYYY-MM-DD'), TO_TIMESTAMP('2024-06-01 15:00:00', 'YYYY-MM-DD HH24:MI:SS'), INTERVAL '1' HOUR, 'ST006', 'M0006', 'Scheduled');
INSERT INTO Personal_Training_session VALUES('S007', TO_DATE('2024-07-07', 'YYYY-MM-DD'), TO_TIMESTAMP('2024-07-07 16:00:00', 'YYYY-MM-DD HH24:MI:SS'), INTERVAL '30' MINUTE, 'ST007', 'M0007', 'Completed');
INSERT INTO Personal_Training_session VALUES('S008', TO_DATE('2024-08-14', 'YYYY-MM-DD'), TO_TIMESTAMP('2024-08-14 17:30:00', 'YYYY-MM-DD HH24:MI:SS'), INTERVAL '1' HOUR, 'ST008', 'M0008', 'Cancelled');
INSERT INTO Personal_Training_session VALUES('S009', TO_DATE('2024-09-09', 'YYYY-MM-DD'), TO_TIMESTAMP('2024-09-09 08:00:00', 'YYYY-MM-DD HH24:MI:SS'), INTERVAL '1' HOUR, 'ST009', 'M0009', 'Completed');
INSERT INTO Personal_Training_session VALUES('S010', TO_DATE('2024-10-15', 'YYYY-MM-DD'), TO_TIMESTAMP('2024-10-15 09:30:00', 'YYYY-MM-DD HH24:MI:SS'), INTERVAL '1' HOUR, 'ST010', 'M0010', 'Scheduled');
INSERT INTO Personal_Training_session VALUES('S011', TO_DATE('2024-11-01', 'YYYY-MM-DD'), TO_TIMESTAMP('2024-11-01 10:30:00', 'YYYY-MM-DD HH24:MI:SS'), INTERVAL '45' MINUTE, 'ST011', 'M0011', 'Completed');
INSERT INTO Personal_Training_session VALUES('S012', TO_DATE('2024-12-02', 'YYYY-MM-DD'), TO_TIMESTAMP('2024-12-02 11:00:00', 'YYYY-MM-DD HH24:MI:SS'), INTERVAL '1' HOUR, 'ST012', 'M0012', 'Cancelled');
INSERT INTO Personal_Training_session VALUES('S013', TO_DATE('2024-01-20', 'YYYY-MM-DD'), TO_TIMESTAMP('2024-01-20 12:30:00', 'YYYY-MM-DD HH24:MI:SS'), INTERVAL '1' HOUR, 'ST013', 'M0013', 'Completed');
INSERT INTO Personal_Training_session VALUES('S014', TO_DATE('2024-02-25', 'YYYY-MM-DD'), TO_TIMESTAMP('2024-02-25 13:00:00', 'YYYY-MM-DD HH24:MI:SS'), INTERVAL '1' HOUR, 'ST014', 'M0014', 'Scheduled');
INSERT INTO Personal_Training_session VALUES('S015', TO_DATE('2024-03-18', 'YYYY-MM-DD'), TO_TIMESTAMP('2024-03-18 14:30:00', 'YYYY-MM-DD HH24:MI:SS'), INTERVAL '1' HOUR, 'ST015', 'M0015', 'Cancelled');
INSERT INTO Personal_Training_session VALUES('S016', TO_DATE('2024-04-25', 'YYYY-MM-DD'), TO_TIMESTAMP('2024-04-25 15:00:00', 'YYYY-MM-DD HH24:MI:SS'), INTERVAL '1' HOUR, 'ST016', 'M0016', 'Completed');
INSERT INTO Personal_Training_session VALUES('S017', TO_DATE('2024-05-10', 'YYYY-MM-DD'), TO_TIMESTAMP('2024-05-10 16:00:00', 'YYYY-MM-DD HH24:MI:SS'), INTERVAL '1' HOUR, 'ST017', 'M0017', 'Scheduled');
INSERT INTO Personal_Training_session VALUES('S018', TO_DATE('2024-06-13', 'YYYY-MM-DD'), TO_TIMESTAMP('2024-06-13 17:30:00', 'YYYY-MM-DD HH24:MI:SS'), INTERVAL '45' MINUTE, 'ST018', 'M0018', 'Cancelled');
INSERT INTO Personal_Training_session VALUES('S019', TO_DATE('2024-07-30', 'YYYY-MM-DD'), TO_TIMESTAMP('2024-07-30 18:00:00', 'YYYY-MM-DD HH24:MI:SS'), INTERVAL '1' HOUR, 'ST019', 'M0019', 'Completed');
INSERT INTO Personal_Training_session VALUES('S020', TO_DATE('2024-08-22', 'YYYY-MM-DD'), TO_TIMESTAMP('2024-08-22 09:00:00', 'YYYY-MM-DD HH24:MI:SS'), INTERVAL '1' HOUR, 'ST020', 'M0020', 'Scheduled');

--Staff
INSERT INTO Staff VALUES('ST001', 'John', 'Doe', '555-1234', 'john.doe@example.com', 'Personal Trainer', 40000.00, 'Strength Training');
INSERT INTO Staff VALUES('ST002', 'Jane', 'Smith', '555-5678', 'jane.smith@example.com', 'Fitness Instructor', 35000.00, 'Yoga');
INSERT INTO Staff VALUES('ST003', 'Robert', 'Johnson', '555-8765', 'robert.johnson@example.com', 'Personal Trainer', 42000.00, 'Cardio Training');
INSERT INTO Staff VALUES('ST004', 'Emily', 'Davis', '555-4321', 'emily.davis@example.com', 'Nutritionist', 45000.00, 'Dietary Counseling');
INSERT INTO Staff VALUES('ST005', 'Michael', 'Wilson', '555-6789', 'michael.wilson@example.com', 'Personal Trainer', 38000.00, 'Weight Loss');
INSERT INTO Staff VALUES('ST006', 'Sarah', 'Martinez', '555-2345', 'sarah.martinez@example.com', 'Fitness Instructor', 34000.00, 'Pilates');
INSERT INTO Staff VALUES('ST007', 'David', 'Garcia', '555-3456', 'david.garcia@example.com', 'Personal Trainer', 41000.00, 'Strength Training');
INSERT INTO Staff VALUES('ST008', 'Laura', 'Rodriguez', '555-6543', 'laura.rodriguez@example.com', 'Fitness Instructor', 33000.00, 'HIIT');
INSERT INTO Staff VALUES('ST009', 'James', 'Hernandez', '555-7654', 'james.hernandez@example.com', 'Personal Trainer', 40000.00, 'Bodybuilding');
INSERT INTO Staff VALUES('ST010', 'Linda', 'Lopez', '555-5432', 'linda.lopez@example.com', 'Yoga Instructor', 36000.00, 'Vinyasa Yoga');
INSERT INTO Staff VALUES('ST011', 'Steven', 'Miller', '555-4321', 'steven.miller@example.com', 'Personal Trainer', 38000.00, 'Core Strengthening');
INSERT INTO Staff VALUES('ST012', 'Nancy', 'Gonzalez', '555-8765', 'nancy.gonzalez@example.com', 'Fitness Instructor', 33000.00, 'Dance Fitness');
INSERT INTO Staff VALUES('ST013', 'Charles', 'Perez', '555-7654', 'charles.perez@example.com', 'Personal Trainer', 42000.00, 'Kettlebell Training');
INSERT INTO Staff VALUES('ST014', 'Karen', 'Wilson', '555-2345', 'karen.wilson@example.com', 'Yoga Instructor', 37000.00, 'Hatha Yoga');
INSERT INTO Staff VALUES('ST015', 'Paul', 'Taylor', '555-3456', 'paul.taylor@example.com', 'Fitness Instructor', 32000.00, 'Spinning');
INSERT INTO Staff VALUES('ST016', 'Rebecca', 'Anderson', '555-6543', 'rebecca.anderson@example.com', 'Personal Trainer', 40000.00, 'Boxing');
INSERT INTO Staff VALUES('ST017', 'Daniel', 'Thomas', '555-1234', 'daniel.thomas@example.com', 'Nutritionist', 46000.00, 'Sports Nutrition');
INSERT INTO Staff VALUES('ST018', 'Sophia', 'Jackson', '555-5678', 'sophia.jackson@example.com', 'Personal Trainer', 43000.00, 'CrossFit');
INSERT INTO Staff VALUES('ST019', 'Matthew', 'White', '555-6789', 'matthew.white@example.com', 'Fitness Instructor', 34000.00, 'Zumba');
INSERT INTO Staff VALUES('ST020', 'Olivia', 'Martinez', '555-2345', 'olivia.martinez@example.com', 'Yoga Instructor', 38000.00, 'Restorative Yoga');

--Workout Plan
INSERT INTO Workout_plan VALUES ('WP001', 'M0001', 'Strength training: Squats, Deadlifts, Bench press', 'Improved strength, increased weight lifted');
INSERT INTO Workout_plan VALUES('WP002', 'M0002', 'Cardio: Running, Cycling, HIIT workouts', 'Faster running times, better endurance');
INSERT INTO Workout_plan VALUES('WP003', 'M0003', 'Core exercises: Planks, Russian twists, Leg raises', 'Significant improvement in core strength');
INSERT INTO Workout_plan VALUES('WP004', 'M0004', 'Weight loss plan: Running, Swimming, Circuit training', 'Lost 5kg in 3 weeks');
INSERT INTO Workout_plan VALUES('WP005', 'M0005', 'Muscle gain: Bicep curls, Leg press, Triceps dips', 'Increased muscle mass, better muscle definition');
INSERT INTO Workout_plan VALUES('WP006', 'M0006', 'Flexibility training: Yoga, Stretching, Pilates', 'Improved flexibility, reduced muscle tension');
INSERT INTO Workout_plan VALUES('WP007', 'M0007', 'Full body workout: Squats, Push-ups, Pull-ups', 'Increased endurance, more repetitions per set');
INSERT INTO Workout_plan VALUES('WP008', 'M0008', 'Endurance: Long-distance running, Rowing, Swimming', 'Improved stamina, running distance increased');
INSERT INTO Workout_plan VALUES('WP009', 'M0009', 'Boxing training: Punching bag, Jump rope, Shadow boxing', 'Improved hand-eye coordination, increased power');
INSERT INTO Workout_plan VALUES('WP010', 'M0010', 'Strength and conditioning: Deadlifts, Squats, Power cleans', 'Significant progress in lifting weights');
INSERT INTO Workout_plan VALUES('WP011', 'M0011', 'HIIT workouts: Jumping jacks, Burpees, Mountain climbers', 'Lost weight, improved cardiovascular health');
INSERT INTO Workout_plan VALUES('WP012', 'M0012', 'Flexibility & mobility: Stretching, Yoga poses, Foam rolling', 'Improved posture, reduced back pain');
INSERT INTO Workout_plan VALUES('WP013', 'M0013', 'Upper body workout: Bench press, Rows, Overhead press', 'Increased shoulder and chest strength');
INSERT INTO Workout_plan VALUES('WP014', 'M0014', 'Lower body workout: Lunges, Squats, Leg press', 'Improved leg strength and tone');
INSERT INTO Workout_plan VALUES('WP015', 'M0015', 'CrossFit: Kettlebells, Sprints, Olympic lifts', 'Significant progress in lifting weights and cardio fitness');
INSERT INTO Workout_plan VALUES('WP016', 'M0016', 'Pilates: Core strengthening, Flexibility training', 'Increased balance and muscle control');
INSERT INTO Workout_plan VALUES('WP017', 'M0017', 'Cardio and strength: Jump rope, Push-ups, Squats', 'Improved stamina, gained strength');
INSERT INTO Workout_plan VALUES('WP018', 'M0018', 'Weight lifting: Deadlifts, Squats, Chest press', 'Increased lifting capacity, better form');
INSERT INTO Workout_plan VALUES('WP019', 'M0019', 'Yoga: Vinyasa flow, Breath work, Asanas', 'Reduced stress and improved flexibility');
INSERT INTO Workout_plan VALUES('WP020', 'M0020', 'Swimming and bodyweight exercises: Laps, Push-ups, Pull-ups', 'Improved upper body strength, increased swimming endurance');

--Discount Code
INSERT INTO Discount_Code VALUES('DC001', 'New Year Sale', 15.00, TO_DATE('2024-01-31', 'YYYY-MM-DD'), 100);
INSERT INTO Discount_Code VALUES('DC002', 'Spring Special', 20.00, TO_DATE('2024-03-31', 'YYYY-MM-DD'), 200);
INSERT INTO Discount_Code VALUES('DC003', 'Summer Promo', 10.00, TO_DATE('2024-06-30', 'YYYY-MM-DD'), 150);
INSERT INTO Discount_Code VALUES('DC004', 'Black Friday', 30.00, TO_DATE('2024-11-30', 'YYYY-MM-DD'), 500);
INSERT INTO Discount_Code VALUES('DC005', 'Holiday Offer', 25.00, TO_DATE('2024-12-24', 'YYYY-MM-DD'), 120);
INSERT INTO Discount_Code VALUES('DC006', 'VIP Member Discount', 40.00, TO_DATE('2024-12-31', 'YYYY-MM-DD'), 50);
INSERT INTO Discount_Code VALUES('DC007', 'End of Year Sale', 50.00, TO_DATE('2024-12-31', 'YYYY-MM-DD'), 300);
INSERT INTO Discount_Code VALUES('DC008', 'Valentine’s Day Special', 18.00, TO_DATE('2024-02-14', 'YYYY-MM-DD'), 80);
INSERT INTO Discount_Code VALUES('DC009', 'Spring Break Sale', 15.00, TO_DATE('2024-04-15', 'YYYY-MM-DD'), 60);
INSERT INTO Discount_Code VALUES('DC010', 'Summer Fitness Sale', 20.00, TO_DATE('2024-06-30', 'YYYY-MM-DD'), 200);
INSERT INTO Discount_Code VALUES('DC011', 'Back to School Discount', 10.00, TO_DATE('2024-09-01', 'YYYY-MM-DD'), 150);
INSERT INTO Discount_Code VALUES('DC012', 'Autumn Sale', 12.00, TO_DATE('2024-10-15', 'YYYY-MM-DD'), 100);
INSERT INTO Discount_Code VALUES('DC013', 'Cyber Monday Deal', 35.00, TO_DATE('2024-11-30', 'YYYY-MM-DD'), 400);
INSERT INTO Discount_Code VALUES('DC014', 'Customer Appreciation', 15.00, TO_DATE('2024-12-15', 'YYYY-MM-DD'), 90);
INSERT INTO Discount_Code VALUES('DC015', 'Flash Sale', 10.00, TO_DATE('2024-06-01', 'YYYY-MM-DD'), 300);
INSERT INTO Discount_Code VALUES('DC016', 'Weekend Discount', 5.00, TO_DATE('2024-05-01', 'YYYY-MM-DD'), 120);
INSERT INTO Discount_Code VALUES('DC017', 'Limited Time Offer', 25.00, TO_DATE('2024-08-31', 'YYYY-MM-DD'), 250);
INSERT INTO Discount_Code VALUES('DC018', 'Early Bird Special', 20.00, TO_DATE('2024-02-28', 'YYYY-MM-DD'), 200);
INSERT INTO Discount_Code VALUES('DC019', 'Member Referral Discount', 10.00, TO_DATE('2024-11-01', 'YYYY-MM-DD'), 400);
INSERT INTO Discount_Code VALUES('DC020', 'Anniversary Discount', 15.00, TO_DATE('2024-09-30', 'YYYY-MM-DD'), 100);
